#;Clã;Nome do Clã;Jogador;Tag;TH;Cargo
1;1;SpamiReza;SR • C∆iç∆r∆;#GL0PRCU9L;18;Líder
2;1;SpamiReza;MAJ0R FiV3;#QRJL0RGQR;18;Co-líder
3;1;SpamiReza;Neskau;#P8GLGPRP;18;Co-líder
4;1;SpamiReza;SR • InTheDark☆;#PQRRG2YCP;18;Co-líder
5;1;SpamiReza;Araújo V;#20CJ9Y8LQ;18;Ancião
6;1;SpamiReza;Dog Apollo;#YJ9R2GPJG;18;Ancião
7;1;SpamiReza;Henrique Nerath;#2U8P0YQ92;18;Ancião
8;1;SpamiReza;Jan;#2899CRJG;18;Ancião
9;1;SpamiReza;KingMpg;#22YJPYPCJ;18;Ancião
10;1;SpamiReza;KingOfBilada™;#92PQV82G0;18;Ancião
11;1;SpamiReza;Levi_Neiva;#C8R989YJ;18;Ancião
12;1;SpamiReza;MAJ0R FiV3;#LCR9YQGYY;18;Ancião
13;1;SpamiReza;Nesk;#99220V0Q8;18;Ancião
14;1;SpamiReza;SR . João V.;#QP9GY9G;18;Ancião
15;1;SpamiReza;SR • Giovanelli;#PJ0YJLGJ;18;Ancião
16;1;SpamiReza;SR • JON SNOW;#LYV2J2LU;18;Ancião
17;1;SpamiReza;tozim;#9G22U9U2Y;18;Ancião
18;1;SpamiReza;☆VILA DO PX ツ;#8PUL8JPC;18;Ancião
1;2;RezaSpamandu;SR • DuM∆R;#YQRJL098P;18;Líder
2;2;RezaSpamandu;LEANDRO;#QPCRCR8VY;18;Co-líder
3;2;RezaSpamandu;SR - JON SNOW 2;#9VV909C89;18;Co-líder
4;2;RezaSpamandu;Sr • Pbalestra;#2YP8QV8J9;18;Co-líder
5;2;RezaSpamandu;Agnes;#LLLU0VQCL;18;Ancião
6;2;RezaSpamandu;GSAzevedo30;#CJLVVL9L;18;Ancião
7;2;RezaSpamandu;lanterna verde;#2J2QL8JRP;18;Ancião
8;2;RezaSpamandu;LSWRTH;#YVU0L88P;18;Ancião
9;2;RezaSpamandu;NoBlitzz;#9RJGGUY9R;18;Ancião
10;2;RezaSpamandu;Psico 2k25;#Q2UJJ89VG;18;Ancião
11;2;RezaSpamandu;Reikan;#GJYRCJ0PR;18;Ancião
12;2;RezaSpamandu;Sene;#8JQJYQC;18;Ancião
13;2;RezaSpamandu;SR . Kcatoyo;#20GJVUJLU;18;Ancião
14;2;RezaSpamandu;SrNunes;#2LY8G8Y9;18;Ancião
15;2;RezaSpamandu;SR•GOD kratos;#LUJ9CRJQG;18;Ancião
16;2;RezaSpamandu;TomorrowBr;#YPJLVPL9U;18;Ancião
17;2;RezaSpamandu;•JARLINHO♾2⏫;#9YQC99RPY;18;Ancião
18;2;RezaSpamandu;Crypt Myers;#QLRJLCY0Y;13;Ancião
19;2;RezaSpamandu;Levi_Neiva 2;#90GRYGJVP;18;Membro
20;2;RezaSpamandu;ROBERTHWILLIAMM;#G2V22VQUY;18;Membro
21;2;RezaSpamandu;Luanzin OKD ✌️;#PPQCRYC8U;16;Membro
1;3;ScamiReza;SR • One☆;#Q9PL0CUU;17;Líder
2;3;ScamiReza;Duff;#QQC298JUC;18;Co-líder
3;3;ScamiReza;SR • Balestra;#8UJY9C8RQ;18;Co-líder
4;3;ScamiReza;Nesk';#YCRJU229;17;Co-líder
5;3;ScamiReza;GPM Level 1;#QV2J0YV0V;18;Ancião
6;3;ScamiReza;MattosxP;#LU2PQ0CU8;18;Ancião
7;3;ScamiReza;nogz;#GV09299QL;18;Ancião
8;3;ScamiReza;nonick;#G890RJVCR;18;Ancião
9;3;ScamiReza;rei do crime;#RP8VCCUV;18;Ancião
10;3;ScamiReza;SR • The off;#YJ2JLPQGR;18;Ancião
11;3;ScamiReza;SR • THIAGO;#89G0YGUJY;18;Ancião
12;3;ScamiReza;乂 ALIFER 乂;#2LLJ9JUYJ;18;Ancião
13;3;ScamiReza;乂Maciel乂;#9LCP9VPP;18;Ancião
14;3;ScamiReza;ＬＵＭＩＮＯＵＳ;#2LLYCQPG8;18;Ancião
15;3;ScamiReza;ayumatsui;#QPJ209J89;17;Ancião
16;3;ScamiReza;F4KER;#QQQ8VQPL0;17;Ancião
17;3;ScamiReza;SR • GPM 2;#Q22CCP90J;17;Ancião
18;3;ScamiReza;·Holtser Ω;#8GG88V2PU;17;Ancião
19;3;ScamiReza;Auki;#PRLJY29Y0;18;Membro
20;3;ScamiReza;dvnly;#QR2JLQ2RR;18;Membro
21;3;ScamiReza;irmão do jorel;#P2JCQRPGJ;18;Membro
22;3;ScamiReza;Lider Andre;#20UUPGPCV;18;Membro
23;3;ScamiReza;Ligeirinh0xD;#GRR2G9LP0;18;Membro
24;3;ScamiReza;matias?;#RCQQUGC9;18;Membro
25;3;ScamiReza;Monesy;#2YGJQG22G;18;Membro
26;3;ScamiReza;PaiDeFamilia;#2GCJ8QC92;18;Membro
27;3;ScamiReza;Samuel Soares;#9V2L9J9JP;18;Membro
28;3;ScamiReza;SR•Dos Ovos;#LPCCGGGY9;18;Membro
29;3;ScamiReza;♣DnF◆;#8UY0889P9;18;Membro
30;3;ScamiReza;Darth Revan;#8R280VRCQ;17;Membro
31;3;ScamiReza;Jan™;#CJV9G22Q;17;Membro
32;3;ScamiReza;JRx3;#GJ9L0YPRU;17;Membro
33;3;ScamiReza;SR • Dennis;#82R9VYVGY;17;Membro
34;3;ScamiReza;Sra Nunes;#22JQULR22;17;Membro
35;3;ScamiReza;MonesyㅤNTJ;#PRY0G98PG;16;Membro
36;3;ScamiReza;O Homem Louco;#LJYPR9Q9L;13;Membro
1;4;RezaScamandu;SR • C∆mbUri;#QVCJGJU8G;14;Líder
2;4;RezaScamandu;SR • Eduhh;#2Q9RYUCCP;16;Co-líder
3;4;RezaScamandu;SR • JotaErre;#GRUG8UQGV;15;Co-líder
4;4;RezaScamandu;☆InTheDark☆;#LL8GP2CQP;15;Co-líder
5;4;RezaScamandu;SR • Borges;#YJPLJ8GP;13;Co-líder
6;4;RezaScamandu;SR • InTheDark☆;#R0GLQC0GV;12;Co-líder
7;4;RezaScamandu;nogzrush;#GU8GY2GCL;18;Ancião
8;4;RezaScamandu;Lider André 2;#L9GRLYGVQ;17;Ancião
9;4;RezaScamandu;Líder André 3;#GY0Q0VRL0;17;Ancião
10;4;RezaScamandu;Meliodas NNT;#2PLQG8UQU;17;Ancião
11;4;RezaScamandu;Gerion;#YP9L000LG;16;Ancião
12;4;RezaScamandu;Ghostface;#QQUC9JQ9R;16;Ancião
13;4;RezaScamandu;GHOSTSX;#GG99R0YJ0;16;Ancião
14;4;RezaScamandu;Kelvy_10;#GU0U28JJ8;16;Ancião
15;4;RezaScamandu;NAUZIN;#G9PGYJPYP;16;Ancião
16;4;RezaScamandu;JigSaw;#LRGU2Q8V0;15;Ancião
17;4;RezaScamandu;RAGNAROK;#GCLLVYPJ8;15;Ancião
18;4;RezaScamandu;s1mple;#R0909YJ0Q;15;Ancião
19;4;RezaScamandu;SR • Chefex;#G2QQ2998J;15;Ancião
20;4;RezaScamandu;Wilson z2;#2RLG220GY;15;Ancião
21;4;RezaScamandu;POSEIDON;#89U0JU98J;14;Ancião
22;4;RezaScamandu;Tio Marginal;#GUYRGQGYJ;14;Ancião
23;4;RezaScamandu;°D∆×iLh∆°;#PR0R0VC9P;14;Ancião
24;4;RezaScamandu;matias!;#QPC2UGCCR;12;Ancião
25;4;RezaScamandu;ZEUS;#L0Y2VJQJQ;12;Ancião
26;4;RezaScamandu;psico raid 01;#G8C9VLYVC;17;Membro
27;4;RezaScamandu;qvnly;#GUCJQPVR9;17;Membro
28;4;RezaScamandu;Honrado;#G9RR0JYUC;16;Membro
29;4;RezaScamandu;PaulinhoPH;#GVLGQ098;16;Membro
30;4;RezaScamandu;DO BRONX;#QJYRV8UGY;15;Membro
31;4;RezaScamandu;GSAzevedo30 #2;#29882J2L2;15;Membro
32;4;RezaScamandu;scamador'd'calv;#QUP0R2CJU;15;Membro
33;4;RezaScamandu;DARTH VADER;#QJU9CUGP8;14;Membro
34;4;RezaScamandu;lipe;#Q289QJUJC;14;Membro
35;4;RezaScamandu;unshaken;#QL89UQ0Q9;13;Membro
36;4;RezaScamandu;Paulinho_PH;#9UU89Q2QY;10;Membro
37;4;RezaScamandu;AddisonZander;#GRQCVP0VC;6;Membro
38;4;RezaScamandu;AidenMax;#GC20Q90V2;6;Membro
39;4;RezaScamandu;AlexisTiffany;#GC0U2YYUY;6;Membro
40;4;RezaScamandu;AmberVanessa;#GGRCGPP0C;6;Membro
41;4;RezaScamandu;AmeliaMicah;#GVG8U2VC9;6;Membro
42;4;RezaScamandu;ArianaOphelia;#GJ8QUL2CG;6;Membro
43;4;RezaScamandu;BryceJohnson;#GC0PJU8PV;6;Membro
44;4;RezaScamandu;ColtonMillie;#GJL8CU9PV;6;Membro
45;4;RezaScamandu;CruzMurphy;#GGJQYLQUJ;6;Membro
46;4;RezaScamandu;HarmonyNelson;#GRQCG9L9R;6;Membro
47;4;RezaScamandu;IanYvette;#GGCJLG88V;6;Membro
48;4;RezaScamandu;KylanOrion;#GYRRPY9PC;6;Membro
49;4;RezaScamandu;LeviSara;#GC2QLPLGL;6;Membro
1;5;e-SpamiReza;SR • PBalestra;#GCJYYLLG8;10;Líder
2;5;e-SpamiReza;Nesquick;#QRGRY0GYG;13;Co-líder
3;5;e-SpamiReza;RoDrIgOo;#220G20QP0;15;Membro
4;5;e-SpamiReza;SR • Caibreck ⁴;#YPR2QG9RQ;13;Membro
5;5;e-SpamiReza;灰心喪志 3;#QVC2GPGRU;13;Membro
